rsi_high,rsi_low,exit_rsi,capital_usage,stop_loss,return,trades,final_value
65,25,55,0.9,0.03,1.8803150000000022,153,101880.315
65,25,55,0.9,0.02,1.8803150000000022,153,101880.315
65,25,55,0.9,0.01,1.7292499999999706,155,101729.24999999997
70,25,55,0.9,0.03,1.6553300000000308,129,101655.33000000003
70,25,55,0.9,0.02,1.6553300000000308,129,101655.33000000003
70,25,55,0.9,0.01,1.5243549999999377,131,101524.35499999994
65,25,55,0.7,0.03,1.4608399999998511,153,101460.83999999985
65,25,55,0.7,0.02,1.4608399999998511,153,101460.83999999985
65,25,55,0.7,0.01,1.3988199999998907,154,101398.81999999989
70,25,55,0.7,0.01,1.3924199999998526,130,101392.41999999985
70,25,55,0.7,0.03,1.2752349999998551,129,101275.23499999986
70,25,55,0.7,0.02,1.2752349999998551,129,101275.23499999986
65,20,55,0.9,0.03,1.2405799999999871,137,101240.57999999999
65,20,55,0.9,0.02,1.2405799999999871,137,101240.57999999999
65,30,55,0.9,0.03,1.2155199999999895,169,101215.51999999999
65,30,55,0.9,0.02,1.2155199999999895,169,101215.51999999999
65,20,55,0.9,0.01,1.0947149999999528,139,101094.71499999995
70,20,55,0.9,0.03,1.0745399999998773,113,101074.53999999988
70,20,55,0.9,0.02,1.0745399999998773,113,101074.53999999988
65,25,55,0.5,0.01,1.0508149999998277,153,101050.81499999983
65,25,55,0.5,0.03,1.0508149999998277,153,101050.81499999983
65,25,55,0.5,0.02,1.0508149999998277,153,101050.81499999983
65,30,55,0.9,0.01,1.0351599999999161,171,101035.15999999992
70,30,55,0.9,0.02,0.9524650000000838,145,100952.46500000008
70,30,55,0.9,0.03,0.9524650000000838,145,100952.46500000008
70,25,55,0.5,0.03,0.949235000000088,129,100949.23500000009
70,25,55,0.5,0.02,0.949235000000088,129,100949.23500000009
70,25,55,0.5,0.01,0.949235000000088,129,100949.23500000009
65,20,55,0.7,0.03,0.9451099999999133,137,100945.10999999991
65,20,55,0.7,0.02,0.9451099999999133,137,100945.10999999991
70,20,55,0.7,0.01,0.9441149999998889,114,100944.11499999989
65,30,55,0.7,0.03,0.9210599999999249,169,100921.05999999992
65,30,55,0.7,0.02,0.9210599999999249,169,100921.05999999992
70,20,55,0.9,0.01,0.8884799999998213,115,100888.47999999982
65,20,55,0.7,0.01,0.8835999999999039,138,100883.5999999999
65,30,55,0.7,0.01,0.8327199999999575,170,100832.71999999996
70,20,55,0.7,0.03,0.8249799999998213,113,100824.97999999982
70,20,55,0.7,0.02,0.8249799999998213,113,100824.97999999982
70,30,55,0.9,0.01,0.8148500000000058,147,100814.85
65,35,55,0.9,0.03,0.7347599999998929,191,100734.7599999999
65,35,55,0.9,0.02,0.7347599999998929,191,100734.7599999999
65,20,55,0.5,0.01,0.70866999999978,137,100708.66999999978
65,20,55,0.5,0.02,0.70866999999978,137,100708.66999999978
65,20,55,0.5,0.03,0.70866999999978,137,100708.66999999978
65,30,55,0.5,0.03,0.6897550000000338,169,100689.75500000003
65,30,55,0.5,0.02,0.6897550000000338,169,100689.75500000003
65,30,55,0.5,0.01,0.6897550000000338,169,100689.75500000003
70,30,55,0.7,0.03,0.6865949999998265,145,100686.59499999983
70,30,55,0.7,0.02,0.6865949999998265,145,100686.59499999983
70,30,55,0.7,0.01,0.6290099999997765,146,100629.00999999978
65,35,55,0.9,0.01,0.6196699999998673,193,100619.66999999987
65,25,45,0.9,0.03,0.5852950000002456,125,100585.29500000025
65,25,45,0.9,0.02,0.5852950000002456,125,100585.29500000025
70,35,55,0.9,0.03,0.5580449999999691,167,100558.04499999997
70,35,55,0.9,0.02,0.5580449999999691,167,100558.04499999997
65,35,55,0.7,0.02,0.5514749999998749,191,100551.47499999987
65,35,55,0.7,0.03,0.5514749999998749,191,100551.47499999987
70,20,55,0.5,0.02,0.5468700000001118,113,100546.87000000011
70,20,55,0.5,0.03,0.5468700000001118,113,100546.87000000011
70,20,55,0.5,0.01,0.5468700000001118,113,100546.87000000011
70,30,55,0.5,0.01,0.5306750000000612,145,100530.67500000006
70,30,55,0.5,0.03,0.5306750000000612,145,100530.67500000006
70,30,55,0.5,0.02,0.5306750000000612,145,100530.67500000006
70,35,55,0.7,0.01,0.5134499999998079,168,100513.44999999981
65,35,55,0.7,0.01,0.4803249999999098,192,100480.32499999991
65,25,45,0.7,0.02,0.464465000000011,125,100464.46500000001
65,25,45,0.7,0.03,0.464465000000011,125,100464.46500000001
70,35,55,0.9,0.01,0.4128499999999913,169,100412.84999999999
65,35,55,0.5,0.03,0.4042050000000163,191,100404.20500000002
65,35,55,0.5,0.01,0.4042050000000163,191,100404.20500000002
65,35,55,0.5,0.02,0.4042050000000163,191,100404.20500000002
70,35,55,0.7,0.02,0.4000199999997567,167,100400.01999999976
70,35,55,0.7,0.03,0.4000199999997567,167,100400.01999999976
70,25,45,0.7,0.01,0.3995500000000466,116,100399.55000000005
65,25,45,0.7,0.01,0.3618500000000786,129,100361.85000000008
65,25,45,0.9,0.01,0.35888500000009665,131,100358.8850000001
70,35,55,0.5,0.03,0.3267100000000064,167,100326.71
70,35,55,0.5,0.02,0.3267100000000064,167,100326.71
70,35,55,0.5,0.01,0.3267100000000064,167,100326.71
65,25,45,0.5,0.03,0.28770000000004076,125,100287.70000000004
65,25,45,0.5,0.02,0.28770000000004076,125,100287.70000000004
65,25,45,0.5,0.01,0.2801750000000175,126,100280.17500000002
65,30,45,0.7,0.02,0.2494149999999936,136,100249.415
65,30,45,0.7,0.03,0.2494149999999936,136,100249.415
70,25,45,0.9,0.02,0.23192000000014376,112,100231.92000000014
70,25,45,0.9,0.03,0.23192000000014376,112,100231.92000000014
65,25,50,0.9,0.03,0.2174999999998254,138,100217.49999999983
65,25,50,0.9,0.02,0.2174999999998254,138,100217.49999999983
70,30,45,0.7,0.01,0.20165999999977066,127,100201.65999999977
70,25,45,0.7,0.03,0.19088499999995112,112,100190.88499999995
70,25,45,0.7,0.02,0.19088499999995112,112,100190.88499999995
65,30,45,0.9,0.02,0.1817850000001781,136,100181.78500000018
65,30,45,0.9,0.03,0.1817850000001781,136,100181.78500000018
70,25,45,0.5,0.02,0.1781050000000978,112,100178.1050000001
70,25,45,0.5,0.03,0.1781050000000978,112,100178.1050000001
65,30,45,0.5,0.03,0.1496100000000297,136,100149.61000000003
65,30,45,0.5,0.02,0.1496100000000297,136,100149.61000000003
65,30,45,0.7,0.01,0.1493450000000448,140,100149.34500000004
70,25,45,0.5,0.01,0.13715500000008615,113,100137.15500000009
65,25,50,0.7,0.03,0.1337950000000128,138,100133.79500000001
65,25,50,0.7,0.02,0.1337950000000128,138,100133.79500000001
65,30,45,0.5,0.01,0.10119500000005065,138,100101.19500000005
65,25,50,0.9,0.01,0.09696499999985099,142,100096.96499999985
75,25,55,0.7,0.03,0.09209499999998662,105,100092.09499999999
75,25,55,0.7,0.02,0.09209499999998662,105,100092.09499999999
65,25,50,0.5,0.01,0.09115500000002794,138,100091.15500000003
65,25,50,0.5,0.02,0.09115500000002794,138,100091.15500000003
65,25,50,0.5,0.03,0.09115500000002794,138,100091.15500000003
75,25,55,0.9,0.02,0.08648500000001513,105,100086.48500000002
75,25,55,0.9,0.03,0.08648500000001513,105,100086.48500000002
65,30,50,0.7,0.02,0.07097500000003493,152,100070.97500000003
65,30,50,0.7,0.03,0.07097500000003493,152,100070.97500000003
65,25,50,0.7,0.01,0.06969499999997789,141,100069.69499999998
65,30,45,0.9,0.01,0.057275000000314324,143,100057.27500000031
75,25,55,0.5,0.03,0.044850000000093135,105,100044.8500000001
75,25,55,0.5,0.02,0.044850000000093135,105,100044.8500000001
75,25,55,0.5,0.01,0.044850000000093135,105,100044.8500000001
70,25,45,0.9,0.01,0.03224500000002445,118,100032.24500000002
75,25,55,0.7,0.01,0.03031499999998778,106,100030.31499999999
70,30,45,0.5,0.02,0.027360000000189757,123,100027.36000000019
70,30,45,0.5,0.03,0.027360000000189757,123,100027.36000000019
80,25,55,0.9,0.03,0.02087000000018452,86,100020.87000000018
80,25,55,0.9,0.02,0.02087000000018452,86,100020.87000000018
65,30,50,0.5,0.03,0.0074299999998765996,152,100007.42999999988
65,30,50,0.5,0.02,0.0074299999998765996,152,100007.42999999988
75,25,55,0.9,0.01,0.002349999999991269,107,100002.34999999999
65,30,50,0.9,0.03,-0.002184999999852153,152,99997.81500000015
65,30,50,0.9,0.02,-0.002184999999852153,152,99997.81500000015
65,30,50,0.7,0.01,-0.003784999999974389,155,99996.21500000003
80,25,55,0.5,0.01,-0.004559999999968568,86,99995.44000000003
80,25,55,0.5,0.02,-0.004559999999968568,86,99995.44000000003
80,25,55,0.5,0.03,-0.004559999999968568,86,99995.44000000003
70,30,45,0.7,0.02,-0.015270000000222354,123,99984.72999999978
70,30,45,0.7,0.03,-0.015270000000222354,123,99984.72999999978
80,25,55,0.7,0.02,-0.017529999999984284,86,99982.47000000002
80,25,55,0.7,0.03,-0.017529999999984284,86,99982.47000000002
75,25,45,0.9,0.01,-0.01820499999995809,103,99981.79500000004
70,30,45,0.9,0.02,-0.030739999999888825,123,99969.26000000011
70,30,45,0.9,0.03,-0.030739999999888825,123,99969.26000000011
65,30,50,0.5,0.01,-0.04704500000012922,153,99952.95499999987
65,20,50,0.9,0.02,-0.05235499999989406,122,99947.6450000001
65,20,50,0.9,0.03,-0.05235499999989406,122,99947.6450000001
70,25,50,0.7,0.01,-0.05383500000021013,122,99946.16499999979
65,20,50,0.7,0.03,-0.06857999999992898,122,99931.42000000007
65,20,50,0.7,0.02,-0.06857999999992898,122,99931.42000000007
70,30,45,0.5,0.01,-0.07234499999976833,125,99927.65500000023
75,25,45,0.7,0.01,-0.07441999999998371,101,99925.58000000002
65,20,50,0.5,0.01,-0.07673500000010244,122,99923.2649999999
65,20,50,0.5,0.03,-0.07673500000010244,122,99923.2649999999
65,20,50,0.5,0.02,-0.07673500000010244,122,99923.2649999999
70,25,50,0.7,0.02,-0.1225700000001525,119,99877.42999999985
70,25,50,0.7,0.03,-0.1225700000001525,119,99877.42999999985
65,30,50,0.9,0.01,-0.12866999999992548,156,99871.33000000007
70,25,50,0.5,0.01,-0.13074500000005354,119,99869.25499999995
70,25,50,0.5,0.02,-0.13074500000005354,119,99869.25499999995
70,25,50,0.5,0.03,-0.13074500000005354,119,99869.25499999995
80,25,55,0.7,0.01,-0.15156500000000234,86,99848.435
65,35,50,0.5,0.03,-0.15165500000002796,169,99848.34499999997
65,35,50,0.5,0.02,-0.15165500000002796,169,99848.34499999997
65,20,45,0.5,0.02,-0.1672950000000419,111,99832.70499999996
65,20,45,0.5,0.03,-0.1672950000000419,111,99832.70499999996
70,30,45,0.9,0.01,-0.1676149999998597,129,99832.38500000014
70,30,50,0.7,0.01,-0.17126500000014494,136,99828.73499999986
70,25,50,0.9,0.02,-0.19715999999995984,119,99802.84000000004
70,25,50,0.9,0.03,-0.19715999999995984,119,99802.84000000004
65,35,50,0.5,0.01,-0.20293500000005588,170,99797.06499999994
70,30,50,0.5,0.02,-0.2067799999999697,133,99793.22000000003
70,30,50,0.5,0.03,-0.2067799999999697,133,99793.22000000003
75,25,45,0.5,0.03,-0.2098849999999802,97,99790.11500000002
75,25,45,0.5,0.02,-0.2098849999999802,97,99790.11500000002
65,20,50,0.9,0.01,-0.2136649999997753,126,99786.33500000022
65,20,50,0.7,0.01,-0.2219049999999115,125,99778.09500000009
65,20,45,0.7,0.02,-0.2260699999998615,111,99773.93000000014
65,20,45,0.7,0.03,-0.2260699999998615,111,99773.93000000014
80,25,55,0.9,0.01,-0.23285499999982132,87,99767.14500000018
65,35,50,0.7,0.02,-0.23662000000008268,169,99763.37999999992
65,35,50,0.7,0.03,-0.23662000000008268,169,99763.37999999992
70,30,50,0.5,0.01,-0.24366500000003724,134,99756.33499999996
65,20,45,0.5,0.01,-0.24946500000008381,112,99750.53499999992
75,25,45,0.5,0.01,-0.2519099999999744,98,99748.09000000003
70,20,50,0.5,0.02,-0.26849000000009254,103,99731.50999999991
70,20,50,0.5,0.01,-0.26849000000009254,103,99731.50999999991
70,20,50,0.5,0.03,-0.26849000000009254,103,99731.50999999991
70,30,50,0.7,0.03,-0.2760600000001868,133,99723.93999999981
70,30,50,0.7,0.02,-0.2760600000001868,133,99723.93999999981
75,30,55,0.5,0.03,-0.2790699999999779,121,99720.93000000002
75,30,55,0.5,0.02,-0.2790699999999779,121,99720.93000000002
75,30,55,0.5,0.01,-0.2790699999999779,121,99720.93000000002
70,30,50,0.9,0.02,-0.3011749999998865,133,99698.82500000011
70,30,50,0.9,0.03,-0.3011749999998865,133,99698.82500000011
75,20,55,0.5,0.03,-0.30318999999992957,89,99696.81000000007
75,20,55,0.5,0.02,-0.30318999999992957,89,99696.81000000007
75,20,55,0.5,0.01,-0.30318999999992957,89,99696.81000000007
75,20,55,0.7,0.01,-0.3057100000000355,90,99694.28999999996
65,20,45,0.9,0.02,-0.3064300000000512,111,99693.56999999995
65,20,45,0.9,0.03,-0.3064300000000512,111,99693.56999999995
75,30,45,0.7,0.01,-0.31073500000001514,112,99689.26499999998
75,25,45,0.7,0.03,-0.31375999999995113,97,99686.24000000005
75,25,45,0.7,0.02,-0.31375999999995113,97,99686.24000000005
65,35,50,0.7,0.01,-0.31577000000004773,172,99684.22999999995
65,35,50,0.9,0.02,-0.3238199999999779,169,99676.18000000002
65,35,50,0.9,0.03,-0.3238199999999779,169,99676.18000000002
70,20,45,0.5,0.02,-0.32412500000001454,98,99675.87499999999
70,20,45,0.5,0.03,-0.32412500000001454,98,99675.87499999999
75,30,55,0.7,0.01,-0.32470000000014265,122,99675.29999999986
70,20,45,0.5,0.01,-0.3366650000000227,99,99663.33499999998
70,35,50,0.5,0.03,-0.3388199999999197,150,99661.18000000008
70,35,50,0.5,0.02,-0.3388199999999197,150,99661.18000000008
80,20,55,0.5,0.01,-0.3416849999999249,70,99658.31500000008
80,20,55,0.5,0.02,-0.3416849999999249,70,99658.31500000008
80,20,55,0.5,0.03,-0.3416849999999249,70,99658.31500000008
65,35,45,0.5,0.03,-0.34605999999976483,149,99653.94000000024
65,35,45,0.5,0.02,-0.34605999999976483,149,99653.94000000024
70,20,50,0.7,0.03,-0.34671500000001104,103,99653.28499999999
70,20,50,0.7,0.02,-0.34671500000001104,103,99653.28499999999
70,20,50,0.7,0.01,-0.35498000000002505,106,99645.01999999997
75,30,45,0.5,0.03,-0.3558449999998848,108,99644.15500000012
75,30,45,0.5,0.02,-0.3558449999998848,108,99644.15500000012
75,25,50,0.5,0.03,-0.36454999999993015,101,99635.45000000007
75,25,50,0.5,0.02,-0.36454999999993015,101,99635.45000000007
75,25,50,0.5,0.01,-0.36454999999993015,101,99635.45000000007
80,30,55,0.5,0.03,-0.38189499999998955,102,99618.10500000001
80,30,55,0.5,0.02,-0.38189499999998955,102,99618.10500000001
80,30,55,0.5,0.01,-0.38189499999998955,102,99618.10500000001
70,35,50,0.7,0.01,-0.39273000000003955,153,99607.26999999996
65,20,45,0.7,0.01,-0.4179149999999499,115,99582.08500000005
75,20,55,0.7,0.03,-0.4187550000000774,89,99581.24499999992
75,20,55,0.7,0.02,-0.4187550000000774,89,99581.24499999992
75,25,45,0.9,0.02,-0.418975000000064,97,99581.02499999994
75,25,45,0.9,0.03,-0.418975000000064,97,99581.02499999994
70,20,45,0.7,0.03,-0.4258900000000722,98,99574.10999999993
70,20,45,0.7,0.02,-0.4258900000000722,98,99574.10999999993
75,25,50,0.7,0.01,-0.42715000000008146,104,99572.84999999992
65,35,50,0.9,0.01,-0.4346700000000419,173,99565.32999999996
70,35,50,0.5,0.01,-0.4372949999998964,151,99562.7050000001
75,30,55,0.7,0.03,-0.44115000000016885,121,99558.84999999983
75,30,55,0.7,0.02,-0.44115000000016885,121,99558.84999999983
75,30,45,0.5,0.01,-0.45206999999983233,110,99547.93000000017
80,25,45,0.9,0.01,-0.45654999999990103,85,99543.4500000001
80,25,50,0.5,0.02,-0.4651449999999022,84,99534.8550000001
80,25,50,0.5,0.03,-0.4651449999999022,84,99534.8550000001
80,25,50,0.5,0.01,-0.4651449999999022,84,99534.8550000001
75,30,50,0.5,0.02,-0.4686399999999558,115,99531.36000000004
75,30,50,0.5,0.03,-0.4686399999999558,115,99531.36000000004
70,20,50,0.9,0.02,-0.4722449999999662,103,99527.75500000003
70,20,50,0.9,0.03,-0.4722449999999662,103,99527.75500000003
70,35,45,0.7,0.01,-0.4791750000002503,140,99520.82499999975
70,20,45,0.7,0.01,-0.4794250000000174,102,99520.57499999998
70,35,50,0.7,0.03,-0.4929250000000465,150,99507.07499999995
70,35,50,0.7,0.02,-0.4929250000000465,150,99507.07499999995
65,20,45,0.9,0.01,-0.5044499999998953,118,99495.5500000001
65,35,45,0.5,0.01,-0.5081549999998679,151,99491.84500000013
75,20,50,0.5,0.03,-0.5099800000000104,85,99490.01999999999
75,20,50,0.5,0.02,-0.5099800000000104,85,99490.01999999999
75,20,50,0.5,0.01,-0.5099800000000104,85,99490.01999999999
80,20,55,0.7,0.02,-0.5106100000000879,70,99489.38999999991
80,20,55,0.7,0.03,-0.5106100000000879,70,99489.38999999991
75,25,50,0.7,0.03,-0.5205400000000373,101,99479.45999999996
75,25,50,0.7,0.02,-0.5205400000000373,101,99479.45999999996
80,30,55,0.7,0.03,-0.5220900000000547,102,99477.90999999995
80,30,55,0.7,0.02,-0.5220900000000547,102,99477.90999999995
75,30,50,0.5,0.01,-0.5230549999999639,116,99476.94500000004
65,35,45,0.7,0.02,-0.5245299999999697,149,99475.47000000003
65,35,45,0.7,0.03,-0.5245299999999697,149,99475.47000000003
70,20,45,0.9,0.03,-0.5325149999999849,98,99467.48500000002
70,20,45,0.9,0.02,-0.5325149999999849,98,99467.48500000002
75,35,55,0.5,0.01,-0.5424649999999674,143,99457.53500000003
75,35,55,0.5,0.03,-0.5424649999999674,143,99457.53500000003
75,35,55,0.5,0.02,-0.5424649999999674,143,99457.53500000003
75,30,45,0.9,0.01,-0.5522999999999593,114,99447.70000000004
70,35,45,0.5,0.02,-0.5584649999998655,136,99441.53500000013
70,35,45,0.5,0.03,-0.5584649999998655,136,99441.53500000013
80,25,45,0.5,0.02,-0.5621649999999209,80,99437.83500000008
80,25,45,0.5,0.03,-0.5621649999999209,80,99437.83500000008
75,30,45,0.7,0.02,-0.5665550000001385,108,99433.44499999986
75,30,45,0.7,0.03,-0.5665550000001385,108,99433.44499999986
80,30,50,0.5,0.02,-0.5692199999999721,98,99430.78000000003
80,30,50,0.5,0.03,-0.5692199999999721,98,99430.78000000003
75,30,50,0.7,0.01,-0.5746350000000384,118,99425.36499999996
75,20,55,0.9,0.02,-0.5887599999997328,89,99411.24000000027
75,20,55,0.9,0.03,-0.5887599999997328,89,99411.24000000027
70,25,50,0.9,0.01,-0.5961999999999243,123,99403.80000000008
80,25,45,0.5,0.01,-0.5997799999999406,81,99400.22000000006
65,35,45,0.7,0.01,-0.6056350000000675,153,99394.36499999993
75,30,55,0.9,0.03,-0.6080949999998703,121,99391.90500000013
75,30,55,0.9,0.02,-0.6080949999998703,121,99391.90500000013
80,35,55,0.5,0.02,-0.6088800000002084,124,99391.11999999979
80,35,55,0.5,0.03,-0.6088800000002084,124,99391.11999999979
80,35,55,0.5,0.01,-0.6088800000002084,124,99391.11999999979
80,25,50,0.7,0.02,-0.6135849999998463,84,99386.41500000015
80,25,50,0.7,0.03,-0.6135849999998463,84,99386.41500000015
80,20,55,0.9,0.02,-0.6172049999997398,70,99382.79500000026
80,20,55,0.9,0.03,-0.6172049999997398,70,99382.79500000026
80,20,50,0.5,0.01,-0.6206649999999209,68,99379.33500000008
80,20,50,0.5,0.02,-0.6206649999999209,68,99379.33500000008
80,20,50,0.5,0.03,-0.6206649999999209,68,99379.33500000008
70,35,45,0.5,0.01,-0.6358849999999074,138,99364.11500000009
80,20,55,0.7,0.01,-0.636305000000124,70,99363.69499999988
80,30,50,0.5,0.01,-0.6413300000000164,99,99358.66999999998
80,30,55,0.7,0.01,-0.6440700000000652,102,99355.92999999993
75,35,50,0.5,0.03,-0.6463150000000023,132,99353.685
75,35,50,0.5,0.02,-0.6463150000000023,132,99353.685
75,20,55,0.9,0.01,-0.6618949999996839,91,99338.10500000032
75,30,50,0.7,0.02,-0.6661350000001548,115,99333.86499999985
75,30,50,0.7,0.03,-0.6661350000001548,115,99333.86499999985
75,35,55,0.7,0.01,-0.6685050000002375,144,99331.49499999976
75,20,45,0.5,0.03,-0.6695000000000291,83,99330.49999999997
75,20,45,0.5,0.02,-0.6695000000000291,83,99330.49999999997
80,30,55,0.9,0.02,-0.6722149999999092,102,99327.78500000009
80,30,55,0.9,0.03,-0.6722149999999092,102,99327.78500000009
70,35,50,0.9,0.02,-0.6875050000000629,150,99312.49499999994
70,35,50,0.9,0.03,-0.6875050000000629,150,99312.49499999994
75,30,55,0.9,0.01,-0.6932699999998732,123,99306.73000000013
75,25,50,0.9,0.02,-0.7074049999997079,101,99292.59500000029
75,25,50,0.9,0.03,-0.7074049999997079,101,99292.59500000029
75,35,50,0.5,0.01,-0.7092099999999918,133,99290.79000000001
75,20,45,0.5,0.01,-0.7114550000000455,84,99288.54499999995
70,35,45,0.7,0.02,-0.712010000000213,136,99287.98999999979
70,35,45,0.7,0.03,-0.712010000000213,136,99287.98999999979
70,20,45,0.9,0.01,-0.7131700000001001,104,99286.8299999999
65,35,45,0.9,0.03,-0.7142849999997998,149,99285.7150000002
65,35,45,0.9,0.02,-0.7142849999997998,149,99285.7150000002
75,20,50,0.7,0.03,-0.740849999999904,85,99259.1500000001
75,20,50,0.7,0.02,-0.740849999999904,85,99259.1500000001
80,30,45,0.5,0.03,-0.7409999999998254,91,99259.00000000017
80,30,45,0.5,0.02,-0.7409999999998254,91,99259.00000000017
75,20,50,0.7,0.01,-0.7461449999999022,88,99253.8550000001
80,30,50,0.7,0.02,-0.7467150000000546,98,99253.28499999995
80,30,50,0.7,0.03,-0.7467150000000546,98,99253.28499999995
80,35,50,0.5,0.02,-0.7500049999999173,115,99249.99500000008
80,35,50,0.5,0.03,-0.7500049999999173,115,99249.99500000008
80,30,45,0.9,0.01,-0.7582349999999569,96,99241.76500000004
70,30,50,0.9,0.01,-0.760300000000192,137,99239.69999999981
75,35,55,0.7,0.03,-0.7828200000001817,143,99217.17999999982
75,35,55,0.7,0.02,-0.7828200000001817,143,99217.17999999982
80,25,45,0.7,0.03,-0.7859099999998872,80,99214.09000000011
80,25,45,0.7,0.02,-0.7859099999998872,80,99214.09000000011
80,35,50,0.5,0.01,-0.7889499999998807,116,99211.05000000012
75,30,45,0.9,0.02,-0.7892849999998871,108,99210.71500000011
75,30,45,0.9,0.03,-0.7892849999998871,108,99210.71500000011
75,20,45,0.7,0.01,-0.7968199999998905,87,99203.18000000011
80,25,50,0.9,0.03,-0.8081449999999459,84,99191.85500000005
80,25,50,0.9,0.02,-0.8081449999999459,84,99191.85500000005
80,25,50,0.7,0.01,-0.8132299999999086,86,99186.77000000009
75,35,50,0.7,0.01,-0.8288300000001618,135,99171.16999999984
75,20,45,0.9,0.01,-0.8361850000000268,89,99163.81499999997
80,35,55,0.7,0.02,-0.8363150000002352,124,99163.68499999976
80,35,55,0.7,0.03,-0.8363150000002352,124,99163.68499999976
80,20,50,0.7,0.03,-0.8478899999998976,68,99152.1100000001
80,20,50,0.7,0.02,-0.8478899999998976,68,99152.1100000001
80,25,45,0.7,0.01,-0.8494349999999105,83,99150.56500000009
80,30,45,0.5,0.01,-0.8506549999998534,93,99149.34500000015
80,20,55,0.9,0.01,-0.8547599999998493,71,99145.24000000015
70,20,50,0.9,0.01,-0.8765949999999866,107,99123.40500000001
65,35,45,0.9,0.01,-0.8807299999996904,156,99119.27000000031
75,30,50,0.9,0.03,-0.8851850000000849,115,99114.81499999992
75,30,50,0.9,0.02,-0.8851850000000849,115,99114.81499999992
80,30,55,0.9,0.01,-0.8971649999998045,103,99102.8350000002
80,30,50,0.7,0.01,-0.9261850000000121,100,99073.81499999999
75,35,45,0.5,0.02,-0.9350550000000222,121,99064.94499999998
75,35,45,0.5,0.03,-0.9350550000000222,121,99064.94499999998
75,35,50,0.7,0.02,-0.9415050000001939,132,99058.4949999998
75,35,50,0.7,0.03,-0.9415050000001939,132,99058.4949999998
80,35,55,0.7,0.01,-0.9664000000002707,124,99033.59999999973
70,35,45,0.9,0.03,-0.9694349999999685,136,99030.56500000003
70,35,45,0.9,0.02,-0.9694349999999685,136,99030.56500000003
75,20,45,0.7,0.02,-0.9748949999999895,83,99025.10500000001
75,20,45,0.7,0.03,-0.9748949999999895,83,99025.10500000001
75,35,45,0.7,0.01,-0.9942750000000524,125,99005.72499999995
75,20,50,0.9,0.02,-0.9995899999999237,85,99000.41000000008
75,20,50,0.9,0.03,-0.9995899999999237,85,99000.41000000008
75,35,45,0.5,0.01,-1.0005250000000232,123,98999.47499999998
80,25,50,0.9,0.01,-1.006714999999953,87,98993.28500000005
80,30,50,0.9,0.03,-1.0073349999999628,98,98992.66500000004
80,30,50,0.9,0.02,-1.0073349999999628,98,98992.66500000004
80,35,50,0.7,0.03,-1.0116850000000996,115,98988.3149999999
80,35,50,0.7,0.02,-1.0116850000000996,115,98988.3149999999
80,30,45,0.7,0.03,-1.0279050000000862,91,98972.09499999991
80,30,45,0.7,0.02,-1.0279050000000862,91,98972.09499999991
70,35,50,0.9,0.01,-1.0332099999999336,154,98966.79000000007
75,35,55,0.9,0.02,-1.049195000000036,143,98950.80499999996
75,35,55,0.9,0.03,-1.049195000000036,143,98950.80499999996
80,20,45,0.5,0.02,-1.0640049999999464,66,98935.99500000005
80,20,45,0.5,0.03,-1.0640049999999464,66,98935.99500000005
80,30,45,0.7,0.01,-1.0806600000000035,94,98919.34
80,20,45,0.5,0.01,-1.0923399999999381,67,98907.66000000006
80,25,45,0.9,0.02,-1.0937149999997928,80,98906.2850000002
80,25,45,0.9,0.03,-1.0937149999997928,80,98906.2850000002
80,35,55,0.9,0.03,-1.101889999999592,124,98898.11000000041
80,35,55,0.9,0.02,-1.101889999999592,124,98898.11000000041
75,25,50,0.9,0.01,-1.1101349999998784,105,98889.86500000012
80,20,50,0.7,0.01,-1.1294349999998814,70,98870.56500000012
75,35,55,0.9,0.01,-1.138215000000011,145,98861.78499999999
80,20,50,0.9,0.03,-1.143869999999937,68,98856.13000000006
80,20,50,0.9,0.02,-1.143869999999937,68,98856.13000000006
80,30,50,0.9,0.01,-1.1908499999998747,101,98809.15000000013
75,30,50,0.9,0.01,-1.2050499999999447,119,98794.95000000006
80,35,50,0.7,0.01,-1.2065100000001112,117,98793.48999999989
75,35,50,0.9,0.03,-1.2186300000000774,132,98781.36999999992
75,35,50,0.9,0.02,-1.2186300000000774,132,98781.36999999992
75,35,45,0.9,0.01,-1.2669299999998476,127,98733.07000000015
75,35,45,0.7,0.03,-1.2679700000000884,121,98732.02999999991
75,35,45,0.7,0.02,-1.2679700000000884,121,98732.02999999991
80,35,45,0.5,0.03,-1.2792399999999615,104,98720.76000000004
80,35,45,0.5,0.02,-1.2792399999999615,104,98720.76000000004
80,35,50,0.9,0.03,-1.2830999999997583,115,98716.90000000024
80,35,50,0.9,0.02,-1.2830999999997583,115,98716.90000000024
75,20,45,0.9,0.03,-1.2849349999999395,83,98715.06500000006
75,20,45,0.9,0.02,-1.2849349999999395,83,98715.06500000006
70,35,45,0.9,0.01,-1.2878700000001408,142,98712.12999999986
80,35,55,0.9,0.01,-1.3133799999997282,125,98686.62000000027
80,20,45,0.9,0.01,-1.3268699999999372,71,98673.13000000006
80,20,50,0.9,0.01,-1.3303299999998708,71,98669.67000000013
80,30,45,0.9,0.03,-1.3327649999997522,91,98667.23500000025
80,30,45,0.9,0.02,-1.3327649999997522,91,98667.23500000025
80,35,45,0.5,0.01,-1.3448499999999477,106,98655.15000000005
75,20,50,0.9,0.01,-1.3750899999997928,89,98624.9100000002
80,20,45,0.7,0.02,-1.461054999999964,66,98538.94500000004
80,20,45,0.7,0.03,-1.461054999999964,66,98538.94500000004
80,35,50,0.9,0.01,-1.4904599999998027,118,98509.5400000002
75,35,50,0.9,0.01,-1.5718600000001022,136,98428.1399999999
80,20,45,0.7,0.01,-1.5792000000000115,69,98420.79999999999
75,35,45,0.9,0.03,-1.6528000000001486,121,98347.19999999985
75,35,45,0.9,0.02,-1.6528000000001486,121,98347.19999999985
80,35,45,0.9,0.01,-1.6898449999999283,109,98310.15500000007
80,35,45,0.7,0.02,-1.7326149999999472,104,98267.38500000005
80,35,45,0.7,0.03,-1.7326149999999472,104,98267.38500000005
80,35,45,0.7,0.01,-1.7514050000001007,107,98248.5949999999
80,20,45,0.9,0.03,-1.8869149999998773,66,98113.08500000012
80,20,45,0.9,0.02,-1.8869149999998773,66,98113.08500000012
80,35,45,0.9,0.03,-2.289244999999675,104,97710.75500000032
80,35,45,0.9,0.02,-2.289244999999675,104,97710.75500000032
